p_L2,p_rel_L2,p_Linf
1.9293419210637746,1.9285627975226871,2.006337547726798
