time,l2,linf,rel_l2
0.0,0.0,0.0,0.0
0.02,0.00014212359636054306,0.0005390658716126762,0.0007819410523556616
0.05,0.00012623695628018877,0.00039495188665966685,0.001688350715582332
0.1,0.00024063330156810894,0.0006805376152240541,0.014144222868126189